Individu,Lieu_depart,Temps_attente,Temps_trajet,Heure_depart,Heure_arrivee,Lieu_arrivee,Numero_trajet
87,Domicile,2.9286307232282556,0.21,2.9286307232282556,3.1386307232282555,Rue,1
36,Domicile,2.8812021527860194,0.35,2.8812021527860194,3.2312021527860195,Parking,1
84,Rue,3.137115475777383,0.1,3.137115475777383,3.237115475777383,Domicile,1
11,Domicile,3.541105287828819,0.14,3.541105287828819,3.681105287828819,Rue,1
83,Domicile,3.6571528645841536,0.09,3.6571528645841536,3.7471528645841534,Rue,1
36,Parking,0.38,0.18,3.6112021527860194,3.7912021527860196,Parking,2
33,Domicile,3.8379040918705023,0.16,3.8379040918705023,3.9979040918705024,Rue,1
39,Rue,3.635269477271608,0.51,3.635269477271608,4.145269477271608,Domicile,1
68,Rue,3.8376979090928134,0.31,3.8376979090928134,4.147697909092813,Parking,1
4,Domicile,3.519286867442917,0.66,3.519286867442917,4.179286867442917,Rue,1
87,Rue,0.8,0.31,3.938630723228256,4.248630723228255,Rue,2
3,Domicile,4.332490574399504,0.08,4.332490574399504,4.412490574399504,Rue,1
9,Domicile,4.016425580891196,0.4,4.016425580891196,4.416425580891197,Rue,1
80,Domicile,4.038406595394528,0.45,4.038406595394528,4.488406595394528,Sans,1
33,Rue,0.38,0.13,4.377904091870502,4.507904091870502,Rue,2
80,Sans,0.0,0.02,4.488406595394528,4.508406595394527,Parking,2
79,Rue,3.916689356404242,0.64,3.916689356404242,4.556689356404242,Domicile,1
32,Domicile,4.491717192979825,0.09,4.491717192979825,4.581717192979825,Rue,1
17,Domicile,4.334508123747661,0.25,4.334508123747661,4.584508123747661,Entreprise,1
67,Rue,4.626329124775382,0.06,4.626329124775382,4.686329124775382,Entreprise,1
30,Domicile,3.697416677767935,0.99,3.697416677767935,4.687416677767935,Sans,1
46,Domicile,4.647630542536907,0.06,4.647630542536907,4.707630542536907,Entreprise,1
83,Rue,0.7,0.27,4.447152864584154,4.717152864584154,Parking,2
81,Domicile,4.590394169752922,0.13,4.590394169752922,4.720394169752922,Entreprise,1
26,Domicile,4.365038814209814,0.37,4.365038814209814,4.7350388142098145,Entreprise,1
41,Rue,4.829474882946952,0.08,4.829474882946952,4.909474882946952,Rue,1
20,Domicile,4.565887896623397,0.35,4.565887896623397,4.9158878966233965,Domicile,1
66,Domicile,4.719567719403307,0.24,4.719567719403307,4.959567719403307,Entreprise,1
73,Domicile,4.864475993826586,0.1,4.864475993826586,4.964475993826586,Rue,1
82,Domicile,4.698331619430758,0.29,4.698331619430758,4.988331619430758,Rue,1
79,Domicile,0.44,0.12,4.996689356404242,5.116689356404242,Parking,2
70,Rue,4.87102740407641,0.25,4.87102740407641,5.12102740407641,Rue,1
43,Domicile,4.881003650055303,0.28,4.881003650055303,5.161003650055303,Rue,1
9,Rue,0.61,0.14,5.026425580891197,5.166425580891197,Parking,2
68,Parking,0.8,0.22,4.947697909092813,5.167697909092813,Parking,2
96,Domicile,5.005217859352478,0.2,5.005217859352478,5.205217859352478,Rue,1
65,Parking,4.856183691274098,0.39,4.856183691274098,5.246183691274098,Entreprise,1
10,Rue,5.080107115069975,0.19,5.080107115069975,5.270107115069975,Domicile,1
19,Domicile,5.0886166542157465,0.19,5.0886166542157465,5.278616654215747,Parking,1
22,Domicile,5.218798037765422,0.11,5.218798037765422,5.328798037765423,Entreprise,1
41,Rue,0.28,0.18,5.189474882946953,5.369474882946952,Parking,2
77,Rue,5.25411630881552,0.12,5.25411630881552,5.37411630881552,Rue,1
33,Rue,0.62,0.25,5.127904091870502,5.377904091870502,Parking,3
0,Domicile,5.194945075292831,0.22,5.194945075292831,5.414945075292831,Entreprise,1
7,Rue,5.306926447156535,0.15,5.306926447156535,5.456926447156535,Sans,1
79,Parking,0.19,0.18,5.3066893564042426,5.486689356404242,Parking,3
37,Rue,4.655413718584953,0.86,4.655413718584953,5.515413718584953,Rue,1
99,Domicile,5.46033754873494,0.12,5.46033754873494,5.58033754873494,Entreprise,1
91,Domicile,5.356057222183001,0.23,5.356057222183001,5.586057222183001,Entreprise,1
19,Parking,0.08,0.24,5.358616654215747,5.598616654215747,Rue,2
31,Domicile,5.4837560958669425,0.12,5.4837560958669425,5.603756095866943,Rue,1
30,Sans,0.81,0.11,5.497416677767935,5.607416677767936,Domicile,2
15,Rue,5.153601202626675,0.49,5.153601202626675,5.643601202626675,Entreprise,1
68,Parking,0.3,0.18,5.467697909092813,5.6476979090928126,Domicile,3
40,Rue,5.683816628822328,0.11,5.683816628822328,5.793816628822328,Parking,1
27,Domicile,5.469161604609498,0.34,5.469161604609498,5.809161604609498,Parking,1
16,Domicile,5.708431830916523,0.14,5.708431830916523,5.848431830916523,Rue,1
24,Rue,5.368913627973836,0.49,5.368913627973836,5.858913627973836,Rue,1
43,Rue,0.54,0.2,5.701003650055303,5.901003650055303,Rue,2
63,Rue,5.8263795920848,0.13,5.8263795920848,5.9563795920848,Sans,1
57,Domicile,5.908001132874225,0.05,5.908001132874225,5.958001132874225,Entreprise,1
85,Domicile,5.826805865457734,0.14,5.826805865457734,5.966805865457734,Rue,1
70,Rue,0.65,0.24,5.771027404076411,6.011027404076411,Domicile,2
1,Domicile,5.955201874365785,0.1,5.955201874365785,6.0552018743657845,Rue,1
25,Domicile,5.8561869650710685,0.2,5.8561869650710685,6.056186965071069,Entreprise,1
50,Domicile,5.416689795258572,0.65,5.416689795258572,6.066689795258572,Rue,1
86,Domicile,5.213014068146106,0.86,5.213014068146106,6.073014068146106,Rue,1
43,Rue,0.09,0.14,5.991003650055303,6.131003650055304,Entreprise,3
42,Domicile,5.213944626910969,0.93,5.213944626910969,6.143944626910969,Rue,1
2,Entreprise,5.773176772760291,0.38,5.773176772760291,6.153176772760291,Entreprise,1
56,Domicile,5.9773280382973315,0.19,5.9773280382973315,6.167328038297332,Entreprise,1
14,Rue,6.141400592490419,0.06,6.141400592490419,6.201400592490419,Entreprise,1
21,Rue,5.883571782834668,0.37,5.883571782834668,6.253571782834668,Rue,1
31,Rue,0.5,0.17,6.103756095866943,6.2737560958669425,Entreprise,2
35,Domicile,5.898875147888388,0.45,5.898875147888388,6.348875147888388,Parking,1
50,Rue,0.25,0.06,6.316689795258572,6.376689795258572,Rue,2
24,Rue,0.37,0.19,6.228913627973836,6.418913627973836,Parking,2
19,Rue,0.62,0.21,6.218616654215747,6.428616654215747,Entreprise,3
42,Rue,0.05,0.38,6.193944626910969,6.5739446269109685,Domicile,2
58,Domicile,6.039602916158236,0.57,6.039602916158236,6.609602916158236,Rue,1
50,Rue,0.14,0.11,6.516689795258571,6.626689795258572,Domicile,3
23,Domicile,6.234107595670878,0.4,6.234107595670878,6.634107595670878,Entreprise,1
59,Rue,6.146067662316384,0.51,6.146067662316384,6.656067662316384,Rue,1
87,Rue,2.23,0.21,6.478630723228255,6.688630723228256,Entreprise,3
63,Sans,0.6,0.17,6.5563795920848,6.7263795920847995,Parking,2
49,Domicile,6.43838305491911,0.32,6.43838305491911,6.75838305491911,Entreprise,1
8,Domicile,5.964318456625445,0.83,5.964318456625445,6.794318456625445,Entreprise,1
51,Rue,6.7504281194359415,0.06,6.7504281194359415,6.810428119435941,Parking,1
85,Rue,0.85,0.05,6.8168058654577335,6.866805865457733,Rue,2
45,Domicile,6.822999465144384,0.1,6.822999465144384,6.922999465144383,Rue,1
28,Domicile,6.167675879325881,0.77,6.167675879325881,6.93767587932588,Rue,1
71,Domicile,6.822060906889172,0.17,6.822060906889172,6.992060906889172,Parking,1
79,Parking,1.42,0.09,6.906689356404242,6.996689356404242,Domicile,4
48,Domicile,6.969016082204001,0.05,6.969016082204001,7.019016082204001,Rue,1
60,Domicile,6.8627801985565045,0.19,6.8627801985565045,7.052780198556505,Parking,1
78,Domicile,6.384217699715857,0.77,6.384217699715857,7.154217699715858,Rue,1
24,Parking,0.53,0.21,6.948913627973837,7.158913627973837,Domicile,3
73,Rue,2.04,0.16,7.004475993826586,7.164475993826586,Rue,2
18,Domicile,6.752635540481866,0.45,6.752635540481866,7.202635540481866,Rue,1
35,Parking,0.23,0.63,6.578875147888389,7.208875147888389,Domicile,2
27,Parking,1.23,0.17,7.0391616046094985,7.209161604609498,Parking,2
70,Domicile,0.69,0.51,6.701027404076411,7.211027404076411,Parking,3
86,Rue,0.93,0.21,7.003014068146106,7.213014068146106,Parking,2
98,Rue,7.1278252239790225,0.09,7.1278252239790225,7.217825223979022,Domicile,1
47,Rue,6.807131515536077,0.46,6.807131515536077,7.267131515536077,Parking,1
21,Rue,0.88,0.15,7.133571782834668,7.283571782834668,Entreprise,2
96,Rue,1.52,0.57,6.725217859352478,7.295217859352478,Parking,2
76,Domicile,6.2855934533577,1.08,6.2855934533577,7.3655934533577,Domicile,1
62,Domicile,6.970431509092546,0.46,6.970431509092546,7.430431509092546,Rue,1
70,Parking,0.13,0.11,7.341027404076411,7.451027404076411,Rue,4
59,Rue,0.38,0.49,7.036067662316384,7.526067662316384,Rue,2
72,Domicile,7.285073035860905,0.25,7.285073035860905,7.535073035860905,Entreprise,1
74,Rue,7.342603691234991,0.21,7.342603691234991,7.5526036912349905,Rue,1
29,Domicile,5.3321921465719075,2.25,5.3321921465719075,7.5821921465719075,Entreprise,1
64,Domicile,7.442173907909282,0.2,7.442173907909282,7.6421739079092825,Rue,1
85,Rue,0.68,0.11,7.546805865457733,7.656805865457733,Parking,3
94,Rue,7.61671440343334,0.06,7.61671440343334,7.67671440343334,Rue,1
83,Parking,2.83,0.18,7.547152864584154,7.727152864584154,Entreprise,3
52,Domicile,7.577262248915849,0.19,7.577262248915849,7.767262248915849,Rue,1
31,Entreprise,1.27,0.24,7.543756095866943,7.783756095866942,Parking,3
92,Domicile,7.538189137325042,0.28,7.538189137325042,7.818189137325042,Entreprise,1
76,Domicile,0.11,0.35,7.475593453357701,7.8255934533577,Parking,2
62,Rue,0.2,0.22,7.6304315090925465,7.850431509092546,Rue,2
97,Rue,7.584792136198259,0.27,7.584792136198259,7.8547921361982596,Parking,1
63,Parking,0.86,0.34,7.5863795920848,7.9263795920848,Entreprise,3
33,Parking,2.43,0.13,7.807904091870503,7.937904091870502,Rue,4
32,Rue,3.14,0.23,7.721717192979826,7.951717192979826,Parking,2
20,Domicile,2.43,0.64,7.345887896623397,7.985887896623397,Entreprise,2
74,Rue,0.28,0.17,7.832603691234991,8.002603691234992,Parking,2
37,Rue,2.4,0.14,7.9154137185849525,8.055413718584953,Rue,2
6,Rue,7.81665156204382,0.26,7.81665156204382,8.07665156204382,Entreprise,1
71,Parking,0.99,0.11,7.982060906889172,8.092060906889172,Domicile,2
90,Domicile,7.651697796667401,0.45,7.651697796667401,8.1016977966674,Parking,1
27,Parking,0.73,0.23,7.939161604609499,8.1691616046095,Parking,3
5,Domicile,7.965785580360582,0.24,7.965785580360582,8.205785580360581,Entreprise,1
96,Parking,0.85,0.09,8.145217859352478,8.235217859352478,Parking,3
97,Parking,0.29,0.1,8.144792136198259,8.244792136198258,Parking,2
28,Rue,1.07,0.25,8.00767587932588,8.25767587932588,Parking,2
13,Rue,7.997849372622905,0.3,7.997849372622905,8.297849372622906,Rue,1
60,Parking,0.93,0.32,7.982780198556505,8.302780198556505,Rue,2
89,Rue,8.16104959281318,0.19,8.16104959281318,8.35104959281318,Entreprise,1
84,Domicile,4.84,0.29,8.077115475777383,8.367115475777382,Rue,2
53,Domicile,8.304868447951115,0.08,8.304868447951115,8.384868447951115,Sans,1
69,Domicile,8.27277640944922,0.12,8.27277640944922,8.392776409449219,Parking,1
95,Rue,8.321261683807863,0.09,8.321261683807863,8.411261683807863,Parking,1
88,Domicile,8.366125734851495,0.05,8.366125734851495,8.416125734851496,Rue,1
76,Parking,0.58,0.13,8.4055934533577,8.5355934533577,Entreprise,3
47,Parking,1.16,0.17,8.427131515536077,8.597131515536077,Rue,2
68,Domicile,2.0,0.96,7.6476979090928126,8.607697909092813,Rue,4
27,Parking,0.38,0.12,8.5491616046095,8.6691616046095,Domicile,4
90,Parking,0.42,0.17,8.5216977966674,8.6916977966674,Domicile,2
51,Parking,1.69,0.2,8.500428119435941,8.70042811943594,Parking,2
41,Parking,2.94,0.4,8.309474882946953,8.709474882946953,Parking,3
93,Domicile,8.312158351759447,0.41,8.312158351759447,8.722158351759447,Parking,1
71,Domicile,0.36,0.31,8.452060906889171,8.762060906889172,Entreprise,3
7,Sans,2.48,0.85,7.9369264471565355,8.786926447156535,Rue,2
95,Parking,0.24,0.21,8.651261683807864,8.861261683807864,Sans,2
47,Rue,0.12,0.16,8.717131515536076,8.877131515536076,Rue,3
4,Rue,4.5,0.22,8.679286867442917,8.899286867442918,Rue,2
48,Rue,1.57,0.33,8.589016082204001,8.919016082204001,Rue,2
54,Entreprise,8.516634316894995,0.41,8.516634316894995,8.926634316894996,Rue,1
95,Sans,0.0,0.08,8.861261683807864,8.941261683807864,Domicile,3
61,Rue,8.653742701889087,0.31,8.653742701889087,8.963742701889087,Rue,1
44,Domicile,8.929814624365694,0.07,8.929814624365694,8.999814624365694,Parking,1
53,Sans,0.29,0.38,8.674868447951114,9.054868447951115,Rue,2
7,Rue,0.22,0.06,9.006926447156536,9.066926447156535,Entreprise,3
82,Rue,3.97,0.13,8.958331619430759,9.08833161943076,Rue,2
96,Parking,0.87,0.08,9.105217859352477,9.185217859352477,Domicile,4
28,Parking,0.87,0.11,9.12767587932588,9.23767587932588,Domicile,3
68,Rue,0.22,0.48,8.827697909092814,9.307697909092813,Rue,5
44,Parking,0.21,0.1,9.209814624365695,9.309814624365695,Parking,2
51,Parking,0.32,0.32,9.020428119435941,9.340428119435941,Domicile,3
60,Rue,0.69,0.36,8.992780198556504,9.352780198556506,Entreprise,3
2,Entreprise,2.96,0.26,9.11317677276029,9.37317677276029,Rue,2
26,Entreprise,4.44,0.28,9.175038814209815,9.455038814209814,Domicile,2
41,Parking,0.69,0.07,9.399474882946953,9.469474882946953,Domicile,4
53,Rue,0.28,0.17,9.334868447951115,9.504868447951115,Entreprise,3
4,Rue,0.55,0.17,9.449286867442918,9.619286867442918,Entreprise,3
64,Rue,1.74,0.26,9.382173907909282,9.642173907909282,Parking,2
44,Parking,0.11,0.27,9.419814624365694,9.689814624365695,Parking,3
34,Rue,9.561863629796797,0.15,9.561863629796797,9.711863629796797,Rue,1
85,Parking,1.86,0.22,9.516805865457734,9.736805865457733,Domicile,4
13,Rue,1.14,0.34,9.437849372622907,9.777849372622907,Parking,2
98,Domicile,2.45,0.12,9.667825223979023,9.787825223979022,Entreprise,2
50,Domicile,3.05,0.25,9.676689795258572,9.926689795258572,Rue,4
58,Rue,3.19,0.2,9.799602916158236,9.999602916158235,Rue,2
74,Parking,1.85,0.16,9.852603691234991,10.012603691234991,Domicile,3
79,Domicile,2.76,0.36,9.756689356404241,10.116689356404242,Rue,5
55,Rue,9.436853369101561,0.87,9.436853369101561,10.30685336910156,Parking,1
22,Entreprise,4.8,0.2,10.128798037765423,10.328798037765422,Domicile,2
40,Parking,3.78,0.78,9.573816628822328,10.353816628822328,Domicile,2
32,Parking,1.68,0.77,9.631717192979826,10.401717192979827,Parking,3
93,Parking,1.48,0.23,10.202158351759447,10.432158351759448,Parking,2
49,Entreprise,3.21,0.5,9.96838305491911,10.46838305491911,Entreprise,2
37,Rue,2.37,0.05,10.425413718584952,10.475413718584953,Rue,3
48,Rue,1.26,0.3,10.179016082204,10.479016082204001,Rue,3
54,Rue,1.09,0.56,10.016634316894995,10.576634316894996,Entreprise,2
34,Rue,0.14,0.79,9.851863629796798,10.641863629796799,Domicile,2
38,Domicile,10.089198684185837,0.66,10.089198684185837,10.749198684185837,Parking,1
18,Rue,3.4,0.15,10.602635540481867,10.752635540481867,Rue,2
35,Domicile,3.5,0.09,10.708875147888389,10.798875147888388,Parking,3
45,Rue,3.58,0.3,10.502999465144384,10.802999465144385,Entreprise,2
12,Parking,10.56192976805788,0.3,10.56192976805788,10.86192976805788,Domicile,1
59,Rue,3.12,0.22,10.646067662316383,10.866067662316384,Rue,3
11,Rue,0.13,7.11,3.811105287828819,10.92110528782882,Rue,2
61,Rue,1.42,0.55,10.383742701889087,10.933742701889088,Rue,2
68,Rue,1.39,0.27,10.697697909092813,10.967697909092813,Rue,6
79,Rue,0.82,0.1,10.936689356404242,11.036689356404242,Rue,6
58,Rue,0.8,0.25,10.799602916158236,11.049602916158236,Rue,3
13,Parking,1.34,0.07,11.117849372622906,11.187849372622907,Rue,3
44,Parking,1.21,0.29,10.899814624365696,11.189814624365695,Domicile,4
38,Parking,0.45,0.04,11.199198684185836,11.239198684185835,Domicile,2
48,Rue,0.38,0.45,10.859016082204002,11.309016082204002,Rue,4
22,Domicile,0.8,0.2,11.128798037765423,11.328798037765422,Parking,3
18,Rue,0.12,0.46,10.872635540481866,11.332635540481867,Rue,3
22,Parking,0.0,0.08,11.328798037765422,11.408798037765422,Domicile,4
82,Rue,2.24,0.12,11.32833161943076,11.44833161943076,Sans,3
96,Domicile,1.97,0.31,11.155217859352478,11.465217859352476,Rue,5
79,Rue,0.33,0.14,11.366689356404242,11.506689356404243,Rue,7
37,Rue,0.72,0.37,11.195413718584954,11.565413718584953,Entreprise,4
92,Entreprise,3.57,0.19,11.388189137325043,11.578189137325042,Rue,2
35,Parking,0.14,0.66,10.938875147888389,11.59887514788839,Rue,4
94,Rue,3.91,0.1,11.58671440343334,11.68671440343334,Rue,2
78,Rue,4.53,0.11,11.684217699715859,11.794217699715858,Parking,2
47,Rue,2.52,0.41,11.397131515536076,11.807131515536076,Domicile,4
44,Domicile,0.4,0.24,11.589814624365696,11.829814624365696,Parking,5
6,Entreprise,3.59,0.17,11.66665156204382,11.83665156204382,Parking,2
27,Domicile,2.92,0.25,11.5891616046095,11.8391616046095,Rue,5
50,Rue,1.37,0.59,11.296689795258573,11.886689795258572,Domicile,5
70,Rue,4.13,0.33,11.581027404076412,11.91102740407641,Entreprise,5
36,Parking,7.76,0.36,11.551202152786018,11.911202152786018,Domicile,3
44,Parking,0.02,0.15,11.849814624365695,11.999814624365696,Domicile,6
83,Entreprise,4.07,0.23,11.797152864584154,12.027152864584155,Rue,4
36,Domicile,0.06,0.08,11.971202152786018,12.051202152786018,Parking,4
13,Rue,0.58,0.29,11.767849372622907,12.057849372622906,Domicile,4
75,Domicile,12.004249544701441,0.11,12.004249544701441,12.11424954470144,Rue,1
25,Entreprise,5.93,0.15,11.986186965071068,12.136186965071069,Rue,2
73,Rue,4.31,0.67,11.474475993826585,12.144475993826585,Entreprise,3
47,Domicile,0.29,0.12,12.097131515536075,12.217131515536076,Parking,5
82,Sans,0.36,0.41,11.80833161943076,12.21833161943076,Parking,4
36,Parking,0.14,0.09,12.191202152786019,12.281202152786019,Domicile,5
51,Domicile,2.82,0.16,12.160428119435942,12.320428119435942,Parking,4
58,Rue,0.88,0.41,11.929602916158236,12.339602916158235,Domicile,4
81,Entreprise,7.58,0.09,12.300394169752922,12.390394169752922,Domicile,2
29,Entreprise,4.74,0.13,12.322192146571908,12.452192146571909,Domicile,2
75,Rue,0.3,0.09,12.414249544701441,12.504249544701441,Domicile,2
24,Domicile,4.54,0.82,11.698913627973837,12.518913627973838,Rue,4
21,Entreprise,5.2,0.14,12.48357178283467,12.623571782834668,Domicile,3
94,Rue,0.83,0.11,12.51671440343334,12.62671440343334,Rue,3
79,Rue,1.05,0.09,12.556689356404243,12.646689356404243,Domicile,8
61,Rue,1.28,0.45,12.213742701889087,12.663742701889088,Parking,3
58,Domicile,0.26,0.08,12.599602916158235,12.679602916158235,Parking,5
51,Parking,0.31,0.07,12.630428119435942,12.700428119435943,Domicile,5
86,Parking,5.33,0.16,12.543014068146107,12.703014068146107,Domicile,3
19,Entreprise,6.14,0.14,12.568616654215747,12.708616654215746,Domicile,4
62,Rue,4.71,0.18,12.560431509092545,12.740431509092545,Rue,3
68,Rue,1.79,0.05,12.757697909092812,12.807697909092813,Rue,7
19,Domicile,0.05,0.06,12.758616654215746,12.818616654215745,Rue,5
92,Rue,1.11,0.19,12.688189137325042,12.878189137325043,Rue,3
24,Rue,0.41,0.03,12.928913627973838,12.958913627973837,Domicile,5
31,Parking,5.17,0.02,12.953756095866943,12.973756095866943,Rue,4
47,Parking,0.51,0.25,12.727131515536076,12.977131515536076,Domicile,6
88,Rue,4.15,0.45,12.566125734851497,13.016125734851496,Rue,2
14,Entreprise,6.48,0.37,12.68140059249042,13.051400592490419,Domicile,2
18,Rue,1.65,0.09,12.982635540481867,13.072635540481867,Rue,4
9,Parking,7.78,0.15,12.946425580891198,13.096425580891196,Domicile,3
43,Entreprise,7.04,0.21,13.171003650055304,13.381003650055304,Domicile,4
78,Parking,1.7,0.09,13.494217699715858,13.584217699715857,Domicile,3
17,Entreprise,8.9,0.11,13.484508123747661,13.59450812374766,Domicile,2
96,Rue,2.07,0.11,13.535217859352477,13.645217859352476,Rue,6
88,Rue,0.49,0.19,13.506125734851496,13.696125734851496,Rue,3
80,Parking,9.02,0.18,13.528406595394527,13.708406595394527,Parking,3
35,Rue,1.88,0.24,13.478875147888388,13.71887514788839,Parking,5
62,Rue,0.61,0.4,13.350431509092545,13.750431509092545,Parking,4
82,Parking,1.46,0.16,13.678331619430761,13.83833161943076,Rue,5
47,Domicile,0.46,0.48,13.437131515536077,13.917131515536076,Rue,7
96,Rue,0.25,0.12,13.895217859352476,14.015217859352475,Rue,7
25,Rue,1.69,0.2,13.826186965071068,14.02618696507107,Domicile,3
58,Parking,0.97,0.38,13.649602916158235,14.029602916158234,Parking,6
43,Domicile,0.35,0.31,13.731003650055303,14.041003650055304,Rue,5
32,Parking,3.45,0.23,13.851717192979827,14.081717192979827,Domicile,4
52,Rue,5.36,0.96,13.12726224891585,14.087262248915849,Rue,2
46,Entreprise,8.92,0.46,13.627630542536906,14.087630542536907,Parking,2
69,Parking,5.59,0.13,13.982776409449219,14.11277640944922,Rue,2
67,Entreprise,9.32,0.21,14.006329124775382,14.216329124775383,Parking,2
47,Rue,0.07,0.23,13.987131515536076,14.217131515536076,Parking,8
87,Entreprise,7.44,0.11,14.128630723228255,14.238630723228257,Domicile,4
6,Parking,2.23,0.22,14.06665156204382,14.286651562043819,Rue,3
92,Rue,1.34,0.07,14.218189137325043,14.288189137325043,Entreprise,4
22,Domicile,2.22,0.66,13.628798037765423,14.288798037765423,Domicile,5
62,Parking,0.34,0.24,14.090431509092545,14.330431509092545,Rue,5
64,Parking,4.66,0.04,14.302173907909282,14.342173907909281,Parking,3
74,Domicile,3.93,0.45,13.942603691234991,14.392603691234992,Rue,4
67,Parking,0.05,0.2,14.266329124775384,14.466329124775383,Rue,3
89,Entreprise,6.0,0.2,14.35104959281318,14.551049592813179,Domicile,2
38,Domicile,2.8,0.54,14.039198684185834,14.579198684185835,Parking,3
11,Rue,3.55,0.13,14.47110528782882,14.601105287828819,Domicile,3
85,Domicile,4.72,0.16,14.456805865457731,14.616805865457732,Rue,5
57,Entreprise,8.62,0.05,14.578001132874224,14.628001132874225,Domicile,2
55,Parking,4.18,0.2,14.48685336910156,14.68685336910156,Sans,2
58,Parking,0.19,0.48,14.219602916158234,14.699602916158234,Parking,7
92,Entreprise,0.05,0.37,14.338189137325044,14.708189137325043,Rue,5
15,Entreprise,8.99,0.13,14.633601202626675,14.763601202626676,Parking,2
64,Parking,0.38,0.09,14.722173907909282,14.812173907909282,Rue,4
99,Entreprise,9.18,0.15,14.76033754873494,14.91033754873494,Rue,2
13,Domicile,2.81,0.1,14.867849372622906,14.967849372622906,Rue,5
71,Entreprise,6.07,0.15,14.832060906889172,14.982060906889172,Domicile,4
31,Rue,1.74,0.31,14.713756095866943,15.023756095866943,Parking,5
97,Parking,6.72,0.15,14.964792136198259,15.114792136198258,Domicile,3
46,Parking,0.51,0.64,14.597630542536907,15.237630542536907,Domicile,3
18,Rue,2.15,0.06,15.222635540481868,15.282635540481866,Rue,5
70,Entreprise,3.17,0.24,15.08102740407641,15.32102740407641,Domicile,6
1,Rue,9.26,0.15,15.315201874365783,15.465201874365784,Rue,2
71,Domicile,0.21,0.28,15.192060906889173,15.472060906889173,Parking,5
55,Sans,0.72,0.1,15.40685336910156,15.50685336910156,Rue,3
98,Entreprise,5.52,0.21,15.307825223979021,15.51782522397902,Rue,3
96,Rue,0.7,0.82,14.715217859352475,15.535217859352475,Parking,8
85,Rue,0.84,0.08,15.456805865457731,15.536805865457731,Domicile,6
74,Rue,1.14,0.07,15.532603691234993,15.602603691234993,Rue,5
82,Rue,0.72,1.06,14.55833161943076,15.618331619430759,Domicile,6
38,Parking,0.75,0.39,15.329198684185835,15.719198684185836,Domicile,4
90,Domicile,6.78,0.27,15.4716977966674,15.7416977966674,Parking,3
26,Domicile,5.76,0.56,15.215038814209814,15.775038814209815,Rue,3
77,Rue,10.24,0.18,15.61411630881552,15.79411630881552,Domicile,2
47,Parking,1.42,0.17,15.637131515536076,15.807131515536076,Parking,9
48,Rue,3.96,0.55,15.269016082204,15.819016082204001,Domicile,5
53,Entreprise,5.97,0.35,15.474868447951113,15.824868447951115,Rue,4
76,Entreprise,7.12,0.2,15.6555934533577,15.8555934533577,Rue,4
88,Rue,1.87,0.29,15.566125734851497,15.856125734851496,Rue,4
35,Parking,2.05,0.11,15.76887514788839,15.87887514788839,Domicile,6
31,Parking,0.64,0.31,15.663756095866944,15.973756095866943,Rue,6
8,Entreprise,8.87,0.45,15.664318456625445,16.114318456625444,Rue,2
76,Rue,0.16,0.1,16.0155934533577,16.1155934533577,Rue,5
0,Entreprise,10.16,0.59,15.574945075292831,16.16494507529283,Parking,2
90,Parking,0.41,0.06,16.1516977966674,16.2116977966674,Rue,4
31,Rue,0.19,0.08,16.163756095866944,16.243756095866942,Parking,7
13,Rue,1.01,0.31,15.977849372622906,16.287849372622905,Domicile,6
70,Domicile,0.75,0.24,16.07102740407641,16.31102740407641,Parking,7
69,Rue,2.32,0.08,16.432776409449218,16.51277640944922,Domicile,3
15,Parking,0.88,0.88,15.643601202626677,16.523601202626676,Domicile,3
64,Rue,1.4,0.32,16.212173907909282,16.532173907909282,Parking,5
46,Domicile,1.16,0.17,16.397630542536906,16.567630542536907,Rue,4
23,Entreprise,9.71,0.25,16.344107595670877,16.594107595670877,Domicile,2
90,Rue,0.0,0.41,16.2116977966674,16.6216977966674,Rue,5
58,Parking,1.77,0.16,16.469602916158234,16.629602916158234,Domicile,8
29,Domicile,4.07,0.18,16.52219214657191,16.70219214657191,Sans,3
5,Entreprise,8.26,0.3,16.46578558036058,16.765785580360582,Parking,2
0,Parking,0.54,0.09,16.70494507529283,16.79494507529283,Domicile,3
96,Parking,0.06,1.21,15.595217859352475,16.805217859352474,Parking,9
68,Rue,2.63,1.39,15.437697909092812,16.827697909092812,Domicile,8
71,Parking,0.32,1.06,15.792060906889173,16.85206090688917,Parking,6
53,Rue,0.57,0.47,16.394868447951115,16.864868447951114,Rue,5
91,Entreprise,10.74,0.54,16.326057222183003,16.866057222183002,Domicile,2
1,Rue,1.22,0.23,16.685201874365784,16.915201874365785,Rue,3
46,Rue,0.14,0.23,16.707630542536908,16.93763054253691,Rue,5
29,Sans,0.23,0.07,16.93219214657191,17.00219214657191,Rue,4
65,Entreprise,11.67,0.17,16.9161836912741,17.0861836912741,Rue,2
59,Rue,5.84,0.49,16.706067662316386,17.196067662316384,Rue,4
18,Rue,1.72,0.36,17.002635540481865,17.362635540481868,Rue,6
67,Rue,2.85,0.11,17.316329124775383,17.426329124775382,Rue,4
35,Domicile,1.29,0.31,17.16887514788839,17.47887514788839,Rue,7
17,Domicile,3.47,0.43,17.06450812374766,17.49450812374766,Domicile,3
46,Rue,0.08,0.5,17.017630542536907,17.517630542536907,Rue,6
71,Parking,0.42,0.3,17.272060906889173,17.57206090688917,Parking,7
72,Entreprise,8.79,1.3,16.325073035860903,17.625073035860904,Rue,2
64,Parking,0.99,0.12,17.52217390790928,17.64217390790928,Rue,6
53,Rue,0.64,0.14,17.504868447951115,17.644868447951115,Sans,6
22,Domicile,3.11,0.27,17.398798037765424,17.668798037765423,Domicile,6
95,Domicile,8.54,0.19,17.481261683807865,17.671261683807863,Parking,4
63,Entreprise,9.74,0.11,17.6663795920848,17.7763795920848,Sans,4
65,Rue,0.67,0.08,17.756183691274103,17.8361836912741,Domicile,3
88,Rue,1.79,0.2,17.646125734851495,17.846125734851494,Domicile,5
53,Sans,0.01,0.2,17.654868447951117,17.854868447951116,Rue,7
8,Rue,1.44,0.37,17.554318456625445,17.924318456625443,Domicile,3
94,Rue,5.22,0.15,17.84671440343334,17.99671440343334,Rue,4
29,Rue,0.52,0.51,17.52219214657191,18.032192146571912,Domicile,5
74,Rue,1.93,0.5,17.532603691234993,18.032603691234993,Rue,6
64,Rue,0.23,0.2,17.872173907909282,18.07217390790928,Domicile,7
6,Rue,3.76,0.05,18.04665156204382,18.096651562043817,Rue,4
7,Entreprise,8.95,0.08,18.016926447156536,18.096926447156534,Domicile,4
59,Rue,0.72,0.21,17.916067662316383,18.126067662316384,Domicile,5
63,Sans,0.0,0.37,17.7763795920848,18.146379592084802,Entreprise,5
61,Parking,4.76,0.77,17.42374270188909,18.193742701889086,Rue,4
71,Parking,0.35,0.29,17.922060906889172,18.21206090688917,Domicile,8
14,Domicile,5.15,0.13,18.20140059249042,18.331400592490418,Rue,3
70,Parking,1.55,0.51,17.86102740407641,18.371027404076408,Domicile,8
56,Entreprise,12.16,0.05,18.32732803829733,18.377328038297332,Rue,2
93,Parking,7.74,0.24,18.17215835175945,18.412158351759448,Domicile,3
78,Domicile,4.41,0.46,17.994217699715858,18.45421769971586,Parking,4
54,Entreprise,7.8,0.12,18.376634316894997,18.496634316894998,Domicile,3
31,Parking,1.61,0.72,17.85375609586694,18.57375609586694,Domicile,8
24,Domicile,5.17,0.54,18.128913627973837,18.668913627973836,Rue,6
52,Rue,4.5,0.13,18.58726224891585,18.717262248915848,Rue,3
76,Rue,2.43,0.25,18.5455934533577,18.7955934533577,Domicile,6
30,Domicile,13.07,0.14,18.677416677767937,18.817416677767937,Sans,3
4,Entreprise,8.81,0.47,18.42928686744292,18.899286867442918,Domicile,4
47,Parking,2.55,0.59,18.357131515536075,18.947131515536075,Rue,10
49,Entreprise,8.2,0.29,18.66838305491911,18.95838305491911,Domicile,3
32,Domicile,4.31,0.58,18.391717192979826,18.971717192979828,Sans,5
60,Entreprise,9.46,0.21,18.812780198556506,19.022780198556507,Rue,4
30,Sans,0.01,0.23,18.82741667776794,19.057416677767936,Domicile,4
96,Parking,1.91,0.35,18.715217859352475,19.065217859352472,Domicile,10
32,Sans,0.02,0.08,18.991717192979827,19.07171719297983,Domicile,6
99,Rue,4.11,0.08,19.02033754873494,19.10033754873494,Domicile,3
92,Rue,4.34,0.1,19.048189137325043,19.14818913732504,Rue,6
90,Rue,2.48,0.07,19.101697796667402,19.171697796667402,Rue,6
27,Rue,7.07,0.29,18.9091616046095,19.1991616046095,Rue,6
83,Rue,6.72,0.46,18.747152864584155,19.207152864584152,Domicile,5
61,Rue,1.14,0.15,19.333742701889086,19.483742701889085,Domicile,5
86,Domicile,6.65,0.27,19.35301406814611,19.623014068146105,Parking,4
19,Rue,6.54,0.31,19.358616654215744,19.668616654215747,Domicile,6
18,Rue,2.21,0.12,19.57263554048187,19.692635540481866,Domicile,7
45,Entreprise,8.78,0.13,19.582999465144383,19.712999465144385,Domicile,3
57,Domicile,4.78,0.31,19.408001132874226,19.718001132874225,Rue,3
66,Entreprise,14.3,0.47,19.259567719403307,19.729567719403306,Domicile,2
81,Domicile,7.06,0.34,19.450394169752922,19.790394169752922,Parking,3
3,Rue,15.11,0.33,19.522490574399505,19.852490574399503,Domicile,2
67,Rue,2.29,0.19,19.71632912477538,19.906329124775382,Rue,5
21,Domicile,7.1,0.19,19.723571782834668,19.91357178283467,Domicile,4
86,Parking,0.29,0.22,19.913014068146104,20.133014068146107,Domicile,5
24,Rue,1.31,0.17,19.978913627973835,20.148913627973837,Domicile,7
69,Domicile,3.53,0.18,20.04277640944922,20.22277640944922,Domicile,4
52,Rue,1.11,0.41,19.827262248915847,20.237262248915847,Domicile,4
63,Entreprise,1.93,0.19,20.076379592084802,20.266379592084803,Domicile,6
37,Entreprise,8.44,0.3,20.005413718584954,20.30541371858495,Domicile,5
35,Rue,1.72,1.13,19.19887514788839,20.32887514788839,Rue,8
12,Domicile,9.39,0.16,20.25192976805788,20.41192976805788,Domicile,2
90,Rue,1.21,0.09,20.381697796667403,20.471697796667403,Parking,7
5,Parking,3.22,0.49,19.98578558036058,20.475785580360583,Domicile,3
54,Domicile,1.9,0.11,20.396634316894996,20.506634316894996,Rue,4
43,Rue,5.85,0.66,19.891003650055303,20.551003650055303,Parking,6
46,Rue,2.12,0.93,19.637630542536908,20.567630542536907,Domicile,7
9,Domicile,7.25,0.28,20.346425580891196,20.626425580891198,Rue,4
72,Rue,2.87,0.14,20.495073035860905,20.635073035860906,Domicile,3
95,Parking,2.85,0.15,20.521261683807865,20.671261683807863,Rue,5
56,Rue,1.8,0.5,20.177328038297333,20.677328038297333,Domicile,3
58,Domicile,3.65,0.71,20.279602916158233,20.989602916158233,Rue,9
3,Domicile,1.05,0.09,20.902490574399504,20.992490574399504,Rue,3
55,Rue,5.42,0.11,20.926853369101558,21.03685336910156,Domicile,4
36,Domicile,8.55,0.31,20.83120215278602,21.141202152786022,Rue,6
48,Domicile,5.26,0.07,21.079016082204,21.149016082204,Parking,6
35,Rue,0.78,0.1,21.10887514788839,21.20887514788839,Domicile,9
80,Parking,7.09,0.45,20.798406595394525,21.248406595394528,Domicile,4
81,Parking,1.27,0.22,21.06039416975292,21.28039416975292,Domicile,4
17,Domicile,3.56,0.25,21.05450812374766,21.30450812374766,Rue,4
18,Domicile,1.41,0.27,21.102635540481867,21.372635540481866,Rue,8
82,Domicile,5.64,0.12,21.25833161943076,21.37833161943076,Domicile,7
78,Parking,2.87,0.13,21.32421769971586,21.45421769971586,Domicile,5
48,Parking,0.13,0.18,21.279016082204,21.459016082204,Domicile,7
39,Domicile,16.95,0.4,21.095269477271607,21.495269477271606,Sans,2
33,Rue,13.3,0.26,21.237904091870504,21.497904091870502,Rue,5
87,Domicile,7.18,0.08,21.418630723228254,21.498630723228256,Parking,5
47,Rue,2.22,0.4,21.167131515536074,21.567131515536076,Rue,11
43,Parking,0.85,0.21,21.401003650055305,21.611003650055302,Domicile,7
39,Sans,0.07,0.13,21.565269477271606,21.695269477271605,Domicile,3
60,Rue,2.42,0.28,21.442780198556505,21.722780198556507,Rue,5
2,Rue,12.01,0.36,21.38317677276029,21.74317677276029,Domicile,3
57,Rue,0.88,1.18,20.598001132874224,21.778001132874223,Rue,4
11,Domicile,7.02,0.21,21.62110528782882,21.83110528782882,Rue,4
36,Rue,0.59,0.12,21.73120215278602,21.851202152786023,Domicile,7
68,Domicile,4.91,0.15,21.737697909092812,21.887697909092815,Sans,9
88,Domicile,3.97,0.14,21.816125734851493,21.956125734851494,Rue,6
27,Rue,2.44,0.33,21.6391616046095,21.9691616046095,Rue,7
93,Domicile,3.37,0.23,21.78215835175945,22.01215835175945,Parking,4
26,Rue,5.89,0.38,21.665038814209815,22.045038814209814,Domicile,4
9,Rue,0.91,0.54,21.536425580891198,22.076425580891197,Domicile,5
20,Entreprise,13.7,0.41,21.685887896623395,22.095887896623395,Domicile,3
14,Rue,3.23,0.57,21.56140059249042,22.13140059249042,Domicile,4
60,Rue,0.32,0.1,22.042780198556507,22.14278019855651,Domicile,6
67,Rue,1.94,0.32,21.846329124775384,22.16632912477538,Parking,6
62,Rue,6.99,0.87,21.320431509092543,22.190431509092544,Rue,6
68,Sans,0.1,0.35,21.987697909092816,22.337697909092814,Entreprise,10
45,Domicile,1.59,1.06,21.302999465144385,22.362999465144384,Domicile,4
75,Domicile,9.48,0.41,21.98424954470144,22.39424954470144,Parking,3
6,Rue,4.04,0.31,22.136651562043816,22.44665156204382,Rue,5
74,Rue,4.09,0.34,22.122603691234993,22.462603691234992,Rue,7
80,Domicile,1.24,0.06,22.488406595394526,22.54840659539453,Domicile,5
58,Rue,1.44,0.17,22.429602916158235,22.599602916158233,Domicile,10
32,Domicile,3.25,0.3,22.32171719297983,22.62171719297983,Domicile,7
39,Domicile,0.51,0.42,22.205269477271607,22.625269477271605,Rue,4
78,Domicile,1.01,0.21,22.46421769971586,22.674217699715857,Domicile,6
90,Parking,2.19,0.05,22.661697796667404,22.7116977966674,Domicile,8
34,Domicile,11.21,0.9,21.8518636297968,22.7518636297968,Parking,3
18,Rue,1.14,0.32,22.512635540481867,22.832635540481867,Parking,9
77,Domicile,6.9,0.16,22.69411630881552,22.85411630881552,Sans,3
27,Rue,0.76,0.14,22.7291616046095,22.8691616046095,Rue,8
65,Domicile,4.81,0.27,22.6461836912741,22.9161836912741,Parking,4
77,Sans,0.02,0.11,22.87411630881552,22.98411630881552,Domicile,4
70,Domicile,4.39,0.25,22.76102740407641,23.01102740407641,Rue,9
61,Domicile,3.21,0.33,22.693742701889086,23.023742701889084,Rue,6
67,Parking,0.65,0.24,22.81632912477538,23.05632912477538,Domicile,7
25,Domicile,9.11,0.02,23.13618696507107,23.15618696507107,Rue,4
75,Parking,0.04,0.78,22.43424954470144,23.214249544701442,Domicile,4
61,Rue,0.11,0.12,23.133742701889084,23.253742701889085,Rue,7
79,Domicile,10.5,0.18,23.146689356404245,23.326689356404245,Domicile,9
18,Parking,0.3,0.21,23.132635540481868,23.34263554048187,Rue,10
69,Domicile,2.79,0.36,23.01277640944922,23.37277640944922,Rue,5
88,Rue,0.51,0.91,22.466125734851495,23.37612573485149,Rue,7
24,Domicile,3.02,0.22,23.168913627973836,23.388913627973835,Entreprise,8
50,Domicile,11.29,0.22,23.17668979525857,23.396689795258574,Domicile,6
70,Rue,0.19,0.23,23.20102740407641,23.43102740407641,Parking,10
44,Domicile,11.42,0.07,23.419814624365696,23.489814624365696,Rue,7
92,Rue,4.1,0.37,23.248189137325042,23.61818913732504,Domicile,7
54,Rue,2.84,0.29,23.346634316894995,23.636634316894995,Domicile,5
70,Parking,0.02,0.21,23.45102740407641,23.66102740407641,Domicile,11
59,Domicile,5.45,0.12,23.576067662316383,23.696067662316384,Rue,6
57,Rue,1.47,0.51,23.248001132874222,23.758001132874224,Domicile,5
97,Domicile,8.42,0.31,23.534792136198256,23.844792136198258,Rue,4
2,Domicile,1.96,0.24,23.70317677276029,23.94317677276029,Domicile,4
